"","ENSG00000012822","ENSG00000013016","ENSG00000034152","ENSG00000069966","ENSG00000070614","ENSG00000088888","ENSG00000093167","ENSG00000096060","ENSG00000099783","ENSG00000100319","ENSG00000104805","ENSG00000105287","ENSG00000105854","ENSG00000106868","ENSG00000114439","ENSG00000117450","ENSG00000121848","ENSG00000124151","ENSG00000125656","ENSG00000126254","ENSG00000128989","ENSG00000131781","ENSG00000134153","ENSG00000135926","ENSG00000136490","ENSG00000136717","ENSG00000137106","ENSG00000142546","ENSG00000143437","ENSG00000143761","ENSG00000143797","ENSG00000145494","ENSG00000156232","ENSG00000158856","ENSG00000174695","ENSG00000178741","ENSG00000180098","ENSG00000182054","ENSG00000183255","ENSG00000185515","ENSG00000189343","ENSG00000204592","cancer.type.ch1"
"Control.10",7.03858489203381,5.80767661328095,6.01335689230107,8.32484944338945,3.89594247943468,6.11362331727358,6.76738621500977,-0.781046420578135,5.92270930490795,3.54449197417384,7.50978356386428,3.30450684022248,4.46198222450466,6.8322108614005,6.6945385691088,4.75731980889428,7.23972695603805,4.05958743263677,1.24490324932526,4.38998524037743,6.67951699906186,5.16936261044284,4.678922241954,9.70669676243954,3.58804533269362,1.44765483763423,4.28803471844974,6.46851133736294,4.09020131404611,10.4719993738434,6.62305975933563,4.09020131404611,0.375375753755486,8.18115840736916,4.48520432640681,3.30450684022248,1.24490324932526,5.56771866694954,7.02280150297547,2.88296702757873,5.71249464869392,13.3105263494131,"HC"
"Control.13",6.65549176523258,4.77220395596398,5.87821193559355,7.57961588746137,4.44805819777232,5.29731529246147,4.34536639104064,4.34536639104064,6.52844093939271,4.44805819777232,7.12980949390099,3.76331277557646,3.70920025505585,5.57202719202741,7.26254698102239,7.26723617320625,6.5245293741682,4.46448468834521,4.52838187139116,3.65297872378332,6.57457072970352,2.19568148408416,5.20257166539846,9.34803749393674,6.64472073366997,6.78211669925927,5.20257166539846,7.76509684937783,2.60424415393419,9.98563966699984,6.41891768678513,4.81125850882026,1.73610107797837,6.57834911881717,4.60446831005267,5.98454536618852,4.49678700295425,5.7366124706284,6.31405254191092,3.98445924991454,7.93680211345012,13.044558644403,"HC"
"Control.2",7.06347531930569,5.68380284483912,6.11290828350743,8.36468437499077,3.30100284755726,5.43438197235296,6.23161255962108,-0.0695927933083223,6.25282189827247,4.14128678262839,7.34271066698491,-0.781046420578135,-0.781046420578135,5.93189132700148,6.9161631783107,6.41212720576233,5.64154432619848,5.13263630443227,3.80080572399325,2.93172650011906,7.29579711212946,2.70428384047727,3.7218828677378,9.3859834897117,3.1281476889122,4.33934769228706,3.63839139222746,5.26378964299414,4.11063482070054,10.2433466650356,5.3581445827647,4.48984635263005,3.68074102180807,7.99680167448074,4.44140381309016,5.00511909474672,2.78414902401813,5.92309806459808,6.50932792128441,3.80080572399325,5.70447681095459,12.99157836797,"HC"
"Control.3",5.60910202215314,4.66956463425447,6.07193789815238,8.04618872218349,1.84647006247519,6.04749100331613,5.69555269774821,-0.781046420578135,4.83105302120276,4.13233719837227,7.14847450580803,3.32213986119141,-0.781046420578135,5.13937906671125,5.58665494810013,6.03924910582757,6.33019092356624,3.32213986119141,-0.781046420578135,4.22245137774225,6.89806247432764,4.79234375993671,4.03621704193548,9.33288098026197,4.69076723914577,3.96838405583242,5.45653520011506,6.07193789815238,1.06285965300553,9.8740433617278,5.7571522924561,5.35394091934384,3.57111523186146,7.36508387637237,4.53535630494457,4.10100335348338,4.71166274721628,5.7571522924561,6.73413226086626,3.86025162122356,5.13937906671125,12.7607476446407,"HC"
"Control.4",6.35686688157242,4.96365842152398,5.60946382626759,7.91506356426407,2.86663599443156,5.43858916094769,4.92433869326761,0.00205374431205234,5.46623120511698,5.21244117806299,7.70489985713048,0.00205374431205234,-0.781046420578135,6.61325624286805,5.09340577620001,5.7053693773915,5.00193488641114,4.15223415669873,3.80790151142156,3.23128262202107,7.12772933333591,5.00193488641114,4.51187189272079,9.16493490095195,4.98292359042628,3.35473212072804,4.61425668481323,4.77761253928632,0.00205374431205234,9.96062104127339,5.03922202144586,4.73279590429759,4.21874903973273,7.66966654737098,5.05751031834461,4.48509867434551,4.43001393769859,4.75537824072527,6.35686688157242,3.97115037148034,6.25753546019698,12.7928931540668,"HC"
"Control.5",6.31205649364049,5.12012066997145,5.09705738875703,7.78202374534668,3.14653897549664,5.71227167365936,5.68159285942267,-0.781046420578137,5.74231166588527,4.78702465153767,6.82144739480973,-0.781046420578137,-0.781046420578137,5.69701381287299,7.36101483754314,5.16516977169866,5.77173889858527,6.03706517056222,-0.781046420578137,4.2731318803896,6.64186458050813,3.46747655996519,3.05375959017922,8.98244421073714,3.46747655996519,5.18717756530129,4.46549349662732,3.53767714207735,0.180785242709348,9.96100438706582,4.2731318803896,5.35210671543602,4.09833772105523,7.71543540697525,5.60191419946072,3.31591377733239,2.95460098886779,4.2731318803896,6.44586334784006,3.60461972943311,5.51757639002988,12.6576557275665,"HC"
"Control.6",6.63744748637998,4.79192679758082,5.42893324158369,7.5191151886866,4.09404587197933,5.13959602995042,5.54579164599112,4.11747382637456,5.87618890561977,3.0234100359508,6.9690012310046,3.07218498861114,0.985423209051023,4.94381133010367,6.55405111425464,5.33212464370601,5.48404620662588,5.64585599799648,5.05718867318154,4.55509929198139,6.71628535974558,3.3345684194298,4.876747947262,8.86535812519909,5.62148302015524,6.33171694499722,3.89151924233226,6.51929422093537,4.55509929198139,9.97279150694122,4.18555799662695,5.91012323399683,3.71847011721971,7.32900655143975,4.5721563692146,4.9953041884282,6.12763820584651,5.98844999996948,6.08667995561448,5.12810784450044,0.506616392434847,12.9762209783466,"HC"
"Control.8",7.01636809943657,6.02283870003186,6.39135295391207,8.15447905601873,4.08299840187305,4.32308261579457,5.78931676762002,-0.781046420578135,6.06201804299356,5.42727221197456,7.22556120694932,2.74825046109431,-0.781046420578135,6.17354999296758,6.56893584276857,5.21523887737842,5.94113588252165,3.39981222038579,1.96576317041614,3.59561797488842,6.26752934104604,4.30453294907903,-0.255570288512151,9.41752096000519,4.97833406926471,5.37489236076206,3.56477402540957,7.28590596364046,4.57601913660846,10.2761420125937,6.3376277226802,4.88153412087276,3.2135234081913,8.32637706980849,4.60662612927481,4.60662612927481,2.22445000440287,6.18373583378462,6.56893584276857,4.97833406926471,6.11087688195582,13.2084605556652,"HC"
"Control.9",7.17199506433782,5.40188551979313,6.32575774451016,8.42508102122321,4.21218390424378,5.78946718042798,5.08244946522276,3.73583151027862,4.82681780500998,4.88452769673973,7.62983799662557,2.79751117513716,-0.781046420578137,6.32054021849896,7.22880033369594,4.73567924013572,6.366832267731,4.2782632936336,3.884665040569,3.01982022856502,6.16038895331739,5.1662742963358,4.63839266280068,9.42811044375511,4.94001762628941,5.17786136674143,4.70397376436394,7.30738763481786,4.71991359766301,10.3053857684419,6.67961012670034,4.2782632936336,3.29983987060329,7.9262271952792,4.79707343986179,5.17786136674143,4.70397376436394,5.00650708455911,6.95346472004041,4.81202227685382,6.50663036731058,13.2374078175045,"HC"
"GBM.438",7.42883711968817,5.82998211614658,7.27125367449318,8.07627747611144,5.80598470059305,5.89966846373386,7.12374247145616,5.92216878862283,3.77814306302004,0.604386948533887,7.35633278196556,3.77814306302004,3.67592756658714,7.12374247145616,8.38244979351897,5.48175688136451,6.64459287088217,6.78624798515481,1.29790780466801,0.604386948533887,7.21768879147966,4.04741109844811,-0.781046420578135,9.70530217897994,1.29790780466801,1.29790780466801,-0.781046420578135,4.53002436457977,6.37781943725943,10.5776909629132,6.50250875641435,4.69590594590662,-0.781046420578135,9.24503118089722,5.65295995999055,3.01597006352253,-0.781046420578135,-0.781046420578135,7.29730832630942,-0.781046420578135,1.76430735510604,12.6068787512155,"GBM"
"GBM.440",7.30039199219925,5.73062340793646,6.21545261763211,7.88203468103428,4.19030552110275,5.66033863765609,5.88652810898546,8.54206008479889,7.35925750273228,4.4787058021771,7.28178546278385,4.87605250670589,4.34170023467339,6.11392142850699,8.08347285793982,6.96354237620511,6.00470027158486,6.44182780864982,5.18726105296203,3.34716643968784,6.72269603581418,5.04003203920487,4.9486228665594,8.90021394975946,5.42626079616272,6.31030583681665,5.45975398911487,7.92163378822753,5.78448547069419,9.60594999777306,5.73062340793646,4.85102786460534,3.41703606801661,8.59011256463503,5.40921802534383,6.0160020737941,5.24603282955602,5.14670614248604,6.70185274212591,4.06532748909252,7.47843232360382,12.1541805708593,"GBM"
"GBM.471",6.98544350359723,5.71031287656853,7.18975516753872,8.41817962768106,5.20690506596332,6.35931472871579,6.53240173334169,7.93094583554439,5.64828963113514,2.84630013392294,7.17333314376243,1.95856088242613,3.89750455213541,7.81927786623392,9.02232827417146,4.75597254708138,7.22204884521946,6.15145831298883,1.73809393937875,3.05191769919909,7.13427212450406,4.38967151162603,1.95856088242613,9.63050637649034,2.46966170510625,3.84317272824895,2.84630013392294,6.16259400821057,5.8128237127487,10.3263670958673,5.79861776775475,4.63326360804123,3.53579566843321,9.52444357460444,5.8268911373668,4.31178808325643,2.46966170510625,2.14976016332943,7.32970271804093,3.14468843297623,3.31404880666259,12.708274217847,"GBM"
"GBM.475",7.24222469241541,5.33305580645875,7.94860834335234,8.62540524970247,5.19500188477251,5.61877054621167,6.01318983571236,5.96302793335034,4.7187138431127,4.30086553661565,6.69459994386147,0.397960704172417,2.09100315794202,7.20673940987263,8.43919266739195,3.11680376294986,7.34372616456806,5.89331138782829,-0.781046420578135,0.397960704172417,7.26310432776755,5.55246973493923,-0.781046420578135,9.39132932417112,0.397960704172417,0.397960704172417,-0.781046420578135,4.75846987075499,5.16573195152698,10.3102306049659,6.54349718247863,4.45399361018978,3.23424666141127,9.40235083841622,6.01318983571236,2.69321722724665,-0.781046420578135,3.34284460574568,6.73501675752467,3.34284460574568,1.81751791436666,12.6726859848063,"GBM"
"GBM.476",7.28004367693975,5.96981875167224,6.41732405202526,8.28826313658121,5.00096802726107,5.52886098909548,6.9355792548988,7.24309502520436,4.59464380179018,3.71784180277632,6.71587135308302,3.43293177611452,3.20598930705741,7.24309502520436,8.45587275515774,5.03595230943196,7.01663041571584,6.86923257447405,3.53428345829206,1.55577179724477,6.78947253501229,5.136086041925,3.53428345829206,9.70615335225842,3.71784180277632,4.49758799979713,5.47888421897241,6.63831248867681,4.72898494777493,10.2907807779883,6.1240989684086,4.28137667195128,3.71784180277632,8.80420631727564,5.62390262873193,4.68557981631089,3.62897999722304,3.80154634897491,7.3017670168405,1.10696550536843,4.39352889932284,12.7633470307508,"GBM"
"GBM.480",7.37971154826207,5.65995668096979,5.73129623827701,7.72377402067821,3.74385090589042,5.02767962374946,5.62291888359822,10.0337292306365,6.13800851196922,4.26032288506013,6.97188720319526,2.14616542541303,3.52040251127586,6.35681822014234,7.34032321308776,6.65163018901598,6.82471034858197,6.86492000279568,3.34955289875826,2.80519583479145,7.1964785503922,5.33302958751175,4.21126059947343,9.23422920745167,4.30777141966473,3.9372874568756,4.21126059947343,6.91939474819136,5.50573394859302,9.69090583635385,4.52409504119147,4.8142720132553,2.80519583479145,7.88105521000943,5.87997500425479,4.48334768688939,4.35370899002558,3.34955289875826,6.71459746652776,5.0557440221921,5.18841808083554,12.1068652885036,"GBM"
"GBM.484",7.01383091264929,5.59376014298499,6.4649510457962,7.85469564261828,4.61104090687343,5.43234606470202,5.64378661996245,7.60612050788277,6.34910625205111,5.07936554193098,5.89165058067328,4.55984534695866,4.55984534695866,7.04208615233875,7.59344758918224,6.28749790542112,6.73103636159398,5.95246177973098,4.0677959916361,3.43374345546898,6.94566694462181,3.31525857462385,3.43374345546898,9.02083055418715,4.20740998278442,5.61899020857116,3.54323167540486,7.24207711246954,4.0677959916361,9.7428749207009,5.91220710660931,5.18450592784617,3.64499359026771,8.47517970254245,5.59376014298499,5.56808098480967,5.00475834436016,4.55984534695866,6.40819109248158,3.82922511399937,5.73891816180964,12.0654535332883,"GBM"
"GBM.485",6.43153696249947,6.20874165409446,6.58135133530767,7.99364308691464,5.14797206923783,5.05644039736027,6.87721060485338,5.4412311331229,6.31788114585073,4.11208260447407,6.63506880726861,3.84663333455314,3.77186932390629,6.92111802670911,6.54813380562086,6.81340485951605,6.69699612676927,5.60093130015189,2.07542822408206,3.84663333455314,6.91244279534153,3.69301808315835,0.387908001886265,9.66429054562283,3.77186932390629,4.11208260447407,2.67679663776871,6.97210166423398,4.92459866402877,9.86870737458975,4.53013301068579,4.11208260447407,1.80245996670592,9.17176767608283,5.6643093338584,4.99202506347956,1.46550165362834,5.31526367617934,6.5592915118335,3.32583188652835,5.11810213933202,12.5923475060655,"GBM"
"GBM.486",7.23671919005175,5.39829189878342,6.2663377303226,7.81167215879976,3.9080387332781,5.58844643871778,5.9862943185498,9.07570589119117,6.64233018321121,5.42704004717092,7.28463095667072,5.21262187584121,3.42865499351893,6.75998822138618,7.45483031285041,6.98932784561347,5.84431312703087,6.11554600367961,4.65522718243417,3.42865499351893,6.29780946448567,4.1340904955045,5.73359824232013,8.56987838756778,5.53662512681766,4.92080602345458,5.10998231197875,7.31571039234382,5.73359824232013,9.77152448523121,5.61367537864569,4.99947737848016,3.18113093435728,8.71098504123317,5.53662512681766,6.00548305293087,4.50152530236261,5.39829189878342,7.06444333007428,3.82406708367697,7.08262663382589,12.4753507333827,"GBM"
"GBM.499",7.48339912620627,6.41060019820388,7.27183913400151,8.49613379269198,5.06345578648296,5.83056377830237,6.11086809257698,4.84524189713267,3.77870581306955,3.67648848676671,7.45280322183403,-0.781046420578135,0.604749703527403,7.14361278129217,6.92698761634378,3.01651546591561,6.31176928112374,6.56161605385222,0.604749703527403,2.39938886877437,7.34029917898317,4.34313219268643,2.8386164165692,9.91393521041797,1.76479437322037,1.29835640531245,-0.781046420578135,4.34313219268643,4.20309003673236,10.3252405163573,5.6263808159363,4.98008775572381,1.29835640531245,9.55921367215443,5.42043559696558,2.63565380019684,2.8386164165692,4.53059723763931,7.209150079518,2.11670608068422,3.31754258275859,12.6765362073664,"GBM"
"GBM.505",7.12453629560961,5.65127614271888,6.8915403240733,8.82347925637217,4.97551746813047,5.74454584450346,6.05243573247444,4.94440149875182,3.11061241153014,1.70802249790503,7.26338507779927,0.325662877576103,2.86688829424221,6.85016796700919,8.34646502819237,3.31905179068765,6.98624613053446,5.9928529386376,1.37619663852255,0.944510453855551,7.33111034033418,4.9125996005608,1.97761788875423,9.68225102573309,-0.781046420578137,-0.781046420578137,0.944510453855551,5.22894187751915,4.62927418757983,10.523622606478,5.50965623540562,3.66280538224658,1.70802249790503,9.74341250468046,5.03580568623851,1.37619663852255,1.97761788875423,3.80816429376904,7.13835089314459,2.20467852704602,1.97761788875423,12.9576033095345,"GBM"
"HD.1",4.25734847447453,3.80038936432888,4.41613592916612,4.84632258883896,2.33117567314781,3.54935678193145,5.31803173580269,5.31803173580269,7.34227771921668,5.86875217595313,5.11687233625898,3.8752168367253,3.54935678193145,5.147384354612,7.41931348231848,8.00680634140542,5.26336171961101,6.25239070881872,5.147384354612,3.80038936432888,6.37348802447493,3.24524626703713,7.26089527702072,6.56648054299599,5.95752360770906,5.51808584714409,6.58888576771195,7.44410430599271,3.45493433923347,9.05430613383096,5.44627682632434,5.90491881604257,5.0212621653957,5.20653814204555,5.73451291036282,7.15975634492795,5.34460899045605,5.51808584714409,4.68928742961332,6.43661661451795,6.33424091527507,11.5546756082038,"HC"
"HD.10",5.66418148549545,3.8882372191814,2.73953010432998,6.4699462302805,0.953630895821042,2.21609266465865,3.82068009020002,6.90453246394241,7.39145226719111,4.18541432883866,4.23815204051864,1.98875201450594,1.71876145142939,5.01879691749354,7.30757160396033,8.79971070480437,4.13067540471086,7.385619867751,6.28179712054367,5.34157431128324,6.36714595726896,3.74980337875547,6.9367982032423,6.52404318384301,6.05070985139773,5.97504712550094,5.60517463874958,8.08862181844867,1.98875201450594,8.71387239613717,6.02091922803513,5.50112768893849,1.98875201450594,5.97504712550094,5.3889895766073,7.23157576089248,6.06537761112195,6.74967973525439,4.43170897955571,5.52254605406158,6.77667048094941,11.0908577574567,"HC"
"HD.11.1",8.28795305148028,5.91665705444246,6.78820604086688,7.92118735337051,4.62644626189777,5.42179759789243,5.76702745344537,2.63690531394392,2.56236136832909,2.48375487824361,6.79228885862084,3.22530437683924,-0.781046420578137,7.57285279193625,6.26694348559677,3.67780642563327,6.87930605223605,5.89403884406069,0.875651808449811,1.62654623648061,6.49947870350857,5.10475756275141,3.12527826673682,9.40198314355209,0.875651808449811,3.07253831003454,1.89304193937965,5.96085668214543,5.79984388199158,10.0165077918346,6.26106351637826,4.57049042077136,1.76593876983197,9.09415629780767,4.89295882735495,2.83988489189902,3.22530437683924,3.84436157032226,6.96499357248181,2.11790164134965,2.4006173843633,12.9056893199815,"HC"
"HD.13.1",7.76791957770728,5.24743057021665,6.40763185639426,7.16755120005095,4.22274526292606,4.70208051611324,5.8482271055561,5.06125524067761,4.76850085736163,3.87631627926346,6.27111692657922,1.74042137757445,3.33435169790716,6.76974096806384,6.84861836693867,5.71983020405656,6.12666556482319,6.17644047321588,3.19640110463407,1.86707629035796,6.54186437112425,4.04658236861984,3.6832325411904,8.77813375251108,3.75050626525623,4.52127730137452,2.67971845027467,7.65833216042434,5.53185121046511,9.68022811707093,5.1511333975529,4.70208051611324,2.37320721244243,8.44403833491257,4.86272750621436,5.06125524067761,3.4194960016047,3.28981788420439,6.23045826239789,3.87631627926346,5.52225866476518,12.4732331809454,"HC"
"HD.14.1",7.74232049482029,5.25466364665175,5.85868912622003,7.65459607530595,4.24250666118775,5.27721769240003,5.33210682093842,6.26635194122037,6.06719750832235,4.41514208176449,6.68850983020792,2.90681165875543,3.07071410134082,6.58383706265219,7.2380754026797,6.94244631270316,5.04722426262121,6.55182005751495,4.33140506450383,1.84382965151162,6.71766165601132,4.67500406634527,5.28836385609259,9.08445010739913,4.07239501265678,5.22015736025901,5.25466364665175,7.35665903894771,6.04765157420311,9.5381440606768,4.95230698532198,4.47490203058939,2.78618969302711,8.08039582561657,4.92399986401916,5.39533071507463,4.74139628344115,3.81930721721119,6.40081092577101,5.35349078913216,5.75000977327976,12.4040252218402,"HC"
"HD.15.1",7.63374351408421,5.94278416317837,6.38892646658412,8.45960141848164,5.42409617677915,6.0025258355,5.37327676349917,2.62170480177229,4.81119084501235,0.4059791357662,7.08155593269632,1.49112167908421,1.49112167908421,6.69856528675372,7.07361956259359,4.95636897183041,6.19771187679036,6.42055657405141,2.70626332697657,2.10338386673189,6.64065312588221,5.05640362714083,2.22301556074042,9.3007704897431,2.43608881655538,2.22301556074042,2.33348224736356,6.48180944664024,5.43652616684488,10.1411680255871,6.50560050503532,4.14338858070172,1.04825792904007,9.24001888510436,5.19454196908498,3.8777214303198,1.28661672264509,3.68281588392525,7.23531247185171,2.70626332697657,-0.781046420578135,13.2535014156018,"HC"
"HD.16.1",8.07391925739203,5.80901325436694,7.09064793401368,7.70635492743594,4.07038032616601,5.3669895066792,4.25369425288574,6.75285613517998,6.32641277630157,3.80267307152332,7.12045395233143,3.94272729797906,2.94393647246504,6.4489373930703,7.57043176685714,6.81250395353813,5.57072532909813,6.55314992164519,4.39696618348713,2.1907099321735,5.78687940785751,3.64754631584081,4.07038032616601,8.76504505616573,5.02009299505714,6.35176431227574,5.39652464565866,8.24468265832437,5.78687940785751,9.79767530495377,5.57072532909813,4.39696618348713,3.09569781207551,9.02113646029709,4.69514250369136,5.14135305989806,4.56245650548794,4.72649123198685,6.4997181376369,4.27505356352313,6.9549638726618,12.7446942255967,"HC"
"HD.17.1",6.09807932105229,4.926028467996,7.10935151075978,7.07431220641399,2.47293545028338,5.44802057503257,7.03840066021776,4.57132741173094,6.16622190856803,1.96167141580366,6.98279951578514,5.27364923751082,3.14810561985273,6.75836269793162,7.2572790966466,6.16622190856803,6.19912305161112,6.86472386123938,3.60621633594485,2.8496620809246,7.02010401121534,4.09995756222772,3.39526854765604,9.13909965511535,3.95338429456319,5.50175586375974,3.39526854765604,7.36268568295913,3.14810561985273,9.66294557996155,5.27364923751082,6.19912305161112,4.35480871841531,8.5883827320267,5.83051126278114,5.74397022560399,3.95338429456319,3.60621633594485,5.98942209028134,3.79021796271637,5.50175586375974,11.6687903770458,"HC"
"HD.18.2",6.6622857666606,4.76322721744788,5.74768585883765,7.34719418132589,4.33365398105384,5.82090496020071,5.70963395650303,5.89058686974137,6.9665100121971,4.43041107277548,5.67055116184801,5.09380697236859,3.37470303489603,6.13985956416434,7.52204566156512,6.02060028341567,5.70963395650303,6.70159008325506,3.55719482643265,3.99704220373673,6.81345971016033,3.37470303489603,4.11818469147518,8.91205640105819,3.37470303489603,5.89058686974137,4.97050934664978,8.20798899026973,3.16573812215507,9.49922880160543,4.97050934664978,5.92420505164609,5.20739180740693,7.79162264569069,5.98917877891136,5.54651800453276,5.67055116184801,5.03347493815654,6.55906841393567,3.99704220373673,6.40090823249084,12.0445793273434,"HC"
"HD.2.1",7.47566498021642,4.82083640722152,5.98852913608922,7.84284527797305,4.4575782508712,4.4575782508712,5.39586287128546,5.39586287128546,5.73950683536612,4.82083640722152,7.17012037037819,3.23105046188503,1.63152010685864,6.98190245185914,7.4237498741165,6.36398607150281,5.63379991034951,6.428631334912,0.879838055222667,-0.781046420578135,7.05197546285593,4.0822647893504,4.61401506755169,9.33831114491267,3.57361231566915,4.53791599983452,4.37250163896123,5.80590657228925,3.71854645459138,9.66557849760337,5.83799451468872,4.75513607542542,0.879838055222667,8.61430372097449,5.35209176305996,4.82083640722152,2.48924524249332,3.71854645459138,6.4074031457925,4.0822647893504,5.77308867436322,12.4166830234275,"HC"
"HD.20.1",7.56063455999303,6.75136462366146,7.10810316169961,8.30001854411362,4.87927812312472,6.08527695093921,5.56347494670025,5.00803996434725,5.86494394513559,2.89740166428989,7.06434801647298,6.19755402796923,-0.781046420578137,6.82313422331571,6.11417596906559,4.4052169708634,6.27637553570974,6.55457078940181,-0.781046420578137,3.3502692164374,6.76964450671473,5.43192547156964,4.4052169708634,9.57559318570671,2.60337236038515,5.1819041146073,2.2336664317017,7.07908100674773,5.47712127096845,9.9508501442095,6.02568204625902,5.00803996434725,3.53258696295382,9.4872247792384,5.28716633583845,3.97209509221049,4.30850878035468,6.22430921769845,6.92450820742804,4.30850878035468,4.87927812312472,12.6640711063714,"HC"
"HD.21.1",6.66122161562757,4.45080546272933,6.71536213605524,6.95922570216247,4.45080546272933,5.1462911972857,4.88799032494743,3.82050139711724,6.45392478677838,4.00569913669304,6.48542543501447,3.60797933333071,3.60797933333071,7.14821818055213,7.18705447090767,5.49476533004028,5.72332979799492,6.71536213605524,-0.781046420578137,2.1545478962916,7.1284008252653,3.05704080033186,2.67524331354445,8.9597744056981,4.31713594672341,4.45080546272933,4.16980506791321,7.60065087037992,3.82050139711724,9.8481916421116,4.79047856389128,5.29592168713072,4.00569913669304,8.65498673716074,5.0652228657566,4.68589512096538,3.05704080033186,4.00569913669304,6.57599952367896,3.82050139711724,6.05262966251329,11.9484423208495,"HC"
"HD.22.1",7.60664511672745,6.82300955642819,7.09209958384667,8.1730812055616,5.60683858525089,5.90475864790936,5.8627416344364,3.44627088909497,4.40723560176001,2.28723009122889,7.3265510175754,4.22023207547832,-0.781046420578135,7.35713769447385,6.7442014071932,5.05554871510378,6.8339244970445,7.50103982702426,2.89931525524837,2.00767390868976,6.96877951234759,4.85583533804215,2.72265724171186,9.57604286774036,2.28723009122889,3.32772523742457,3.44627088909497,5.19753228343454,5.84126514725874,10.2916073475795,6.47810147031176,3.65761772719425,3.32772523742457,9.76325818837716,4.85583533804215,2.00767390868976,3.32772523742457,4.34755438763593,7.14564569507283,2.28723009122889,4.62396432393307,12.5033959788641,"HC"
"HD.24.2",6.77503261098389,5.81151959770704,7.47927722917096,7.49714104827915,5.34339025803381,6.25116370335904,6.02358098631471,1.48807400178798,6.33301338901964,4.64599676151234,6.07206033659361,5.62913209841795,2.85828702706474,6.25116370335904,7.49714104827915,5.08448579105446,6.16438958529795,6.16438958529795,3.24408573203274,2.33008226875917,7.04166591088474,2.33008226875917,-0.781046420578137,8.94224666646645,4.01295561445699,3.54818181933491,3.24408573203274,7.64867934639203,5.56282546790861,9.47574407739852,5.75324865249543,4.36392273203574,5.34339025803381,8.33514749587519,5.42030397618111,4.36392273203574,2.33008226875917,3.54818181933491,6.6206252575367,4.76873052134452,6.55391728879116,11.9292846583846,"HC"
"HD.25.2",6.79589235589136,5.54339767736957,6.1692638083356,7.45607091083317,4.93157040767225,3.84783747582934,5.61292949973802,5.22596314351075,6.46084440574211,2.37502069061374,7.09216348109983,4.93157040767225,2.90499974402498,6.73482029310411,7.51174256195975,6.67104821427207,4.69555564705069,5.80342858135996,3.84783747582934,3.84783747582934,7.3171528422801,-0.781046420578137,4.2482233746344,8.77512730910396,4.0618757828761,5.47034427258307,3.84783747582934,7.5476982218854,5.13434848792579,9.61381693126523,5.31210580142445,6.21470288878419,3.59641815034986,8.34548887242651,5.31210580142445,4.56128855033636,3.29173920014857,3.59641815034986,6.498074700382,2.90499974402498,5.31210580142445,11.7133791034852,"HC"
"HD.26.2",6.83984973390658,4.11248718729902,6.56676330232403,7.94693961873014,4.7232851375783,4.95297492833722,6.00909565581503,4.7232851375783,6.07561719303468,4.3460086434229,7.14877060302401,3.83372648012727,3.27790906396083,7.20928063583897,7.3094255951331,5.6647232005679,5.93935797134869,6.28690130151599,3.48788276028659,2.36196983096232,7.53894207248918,5.37888973657153,1.07144392623171,9.280990417128,4.23396762753162,4.7232851375783,5.32521776877619,7.20928063583897,5.21148461398571,9.59911952590517,5.52887375316272,4.80398045038287,3.83372648012727,8.77051388720744,5.08801218225999,4.11248718729902,3.97982923055561,2.36196983096232,6.5197527748835,1.07144392623171,5.6647232005679,12.1279226808318,"HC"
"HD.27.2",6.61033800768391,5.51062918241033,6.38354135859949,7.08326192115221,5.35232945406467,4.28780379082585,5.6532641355496,4.10128613706445,4.73546483674986,2.94268305421269,6.11431835838387,3.88702334113357,2.41131242521706,7.31553672678063,6.92352545335597,6.16282393923692,6.01212228193845,6.06412503796859,3.88702334113357,4.9716160643502,7.22706206235816,2.94268305421269,4.10128613706445,8.80064014500685,3.63529399401951,4.45294496035329,4.60110953419478,7.39889768999192,5.35232945406467,9.65460027061772,5.26615051276692,5.35232945406467,3.63529399401951,7.9617843362675,4.45294496035329,5.43364940985761,-0.781046420578137,5.58370867804002,5.71961984895656,1.56108776731617,5.43364940985761,12.0059226640717,"HC"
"HD.29.2",7.57452734732615,5.91037140597291,7.03400946109105,8.05408374332169,4.44985464214332,5.47719503494521,5.9439940714029,4.13749881542258,5.3822789692126,3.73827529732299,7.6375323973559,4.35306038929897,1.77326954065561,6.97017029043163,6.60016962873834,5.17137126262989,5.72939247996753,5.80452957869288,4.78278114694078,3.88397358424018,7.12476507244519,4.92426339492026,4.01629805691925,9.30301819593922,3.39356859710806,3.18443003993653,3.39356859710806,7.03400946109105,5.65012612003254,10.3104321079864,4.85525593689206,5.05310151910591,2.27394670837045,9.53030233421444,4.92426339492026,4.01629805691925,4.54056102273021,4.62590021979411,6.79699911735534,1.00008009886625,5.22705843644196,12.8386941726532,"HC"
"HD.3.1",7.64548286535763,6.18817566433328,6.33328618624058,7.19195487110569,3.8160278577535,4.38098234088759,3.60353634273706,1.32818679591163,5.82070884752019,2.15049260296807,6.48078975580628,5.25534862541777,1.7971505239077,6.35044021629395,6.95458152580653,4.44626379113173,6.3159257332954,5.45886578198242,4.24082776687776,2.43409597428097,6.5417985660393,5.63719056176407,-0.781046420578135,9.06830256941883,2.15049260296807,3.91158406472672,4.78591080459011,6.82558249795489,4.7345701152322,10.0254180849239,3.8160278577535,4.44626379113173,2.15049260296807,8.5757076602856,4.78591080459011,2.67100301509374,2.43409597428097,0.628919888278315,6.52678652437579,4.88341614300401,4.24082776687776,12.6507492654655,"HC"
"HD.30.2",5.68253221298485,4.69878749579563,6.50135945309651,6.79918107412298,5.31536344292671,5.61619624549111,5.13759978658767,4.06506672691375,5.80670018447516,3.29484896516948,6.42591144656117,4.41644707289569,-0.781046420578135,6.34629897945759,6.02694828441289,6.07713030657824,5.61619624549111,5.22921780872798,1.5310552608395,4.06506672691375,6.91407827198829,3.29484896516948,4.06506672691375,8.50359590395441,4.56451316522284,5.13759978658767,2.90804917003014,7.81031815169046,3.59956527872317,9.31650189628849,4.25142826236427,5.54666248421399,2.90804917003014,8.47580675796399,5.61619624549111,5.74595162725688,4.93481344902491,3.29484896516948,6.12562533620018,-0.781046420578135,-0.781046420578135,11.7265440938333,"HC"
"HD.31",7.27509025204672,4.94917284946487,5.93551978844923,8.04292044585305,5.01212108003562,5.34114722288766,5.68813447637081,3.69839777356237,6.33075414955471,4.74195353115978,5.96763639240357,3.14541502933405,2.60713105196745,7.56477793956935,5.72618003821353,4.74195353115978,6.33075414955471,6.80965833797382,2.23730900260562,3.84391896096618,7.15470941144247,3.53653441438652,3.69839777356237,8.8607165662279,3.53653441438652,4.20887438488536,1.73873605289698,6.79182997929995,5.13033245028527,9.96498213152065,4.94917284946487,4.88335223167747,3.97609735967942,8.58343609191839,5.29126065508256,4.20887438488536,4.20887438488536,3.69839777356237,6.97678030247593,4.74195353115978,5.83464357190789,12.0977608791913,"HC"
"HD.32.2",5.98703708550524,5.00021339081829,6.10795396783954,7.72314534218984,4.1058070148036,5.49004150430918,5.75983561884164,5.60408104252711,6.38818807894428,1.28116046930746,6.72711323895743,5.15791408698953,2.99558255481828,5.90040129835276,7.062496261951,6.14610775187813,6.02847902135596,5.75983561884164,2.99558255481828,4.82313459682419,6.87074819932367,4.72571582769999,4.25292560892875,8.87106425815355,3.94196447334493,4.62123935228547,2.09718710932603,8.22001181512855,5.00021339081829,9.61866386183355,4.72571582769999,4.82313459682419,4.50860211760147,9.23196930045867,4.25292560892875,5.75983561884164,5.15791408698953,4.38642038693128,6.62274166035257,4.38642038693128,4.91438915836391,12.232964639989,"HC"
"HD.33.1",7.4565956278729,5.86900433410325,6.36077681551638,7.76286019854894,4.6474532622983,5.69399906991485,5.90517103698325,5.83190760910134,6.75685820437171,4.25759541936789,7.13738310658124,3.80063342139139,2.33140091565252,6.61120152927462,7.63409346140663,6.23853861467432,6.08934313199573,6.00852995882659,4.01439303326969,3.63821998435515,6.61120152927462,3.12797984654746,5.05409158133906,9.23766791841345,5.97489309170495,6.10497641429544,6.1204421061753,7.93454462932535,5.90517103698325,9.54899665956463,5.60884009885565,5.56429826167935,3.80063342139139,8.90853505061735,5.29120658179694,5.5415008031428,4.46565332186482,4.8832984249408,6.18069842005758,4.41638368173371,6.23853861467432,12.1833651157014,"HC"
"HD.34.1",7.95463413485918,6.87687716797083,7.63749830453084,8.79186043948315,5.22102589794937,6.11383683096829,5.79846556799086,4.01972497732201,4.72351270357272,3.75494653187329,7.37333621598207,4.29424526383288,1.39051621508674,7.80476290228365,6.59173346376158,4.48153143917412,6.31203786982473,6.60186792987235,3.12780911314589,1.99334038725335,6.69947955223882,4.07896722144187,3.23587898062046,9.46977528680877,2.22079578727915,3.95794547291766,3.01098361919532,6.04121911380068,5.22102589794937,10.3726029773129,5.83329145771643,4.72351270357272,2.22079578727915,9.96687190032675,4.68589718596388,4.07896722144187,4.64727459960961,4.56678187464161,6.91801615601688,3.33641461560885,4.19061797942993,13.2272532078167,"HC"
"HD.35.2",7.57583701618697,5.73204765548238,6.97491781940371,8.14722298457638,5.12892554918413,5.70586792674758,6.42037441972838,4.22823787368742,5.70586792674758,3.70127796260544,6.91903956470465,4.96199663654232,1.31821675533143,6.77537975845998,7.25320197024683,5.44604692233841,6.61581646850224,6.05600391651108,-0.781046420578135,2.13921062018344,7.34935380995737,4.43362059920693,3.70127796260544,9.1062543303619,4.43362059920693,4.43362059920693,4.07303360155569,6.61581646850224,4.96199663654232,10.1029869226715,5.47733704842863,5.27852728362049,2.13921062018344,8.93651973542854,5.78302361584952,4.36835527065061,4.15272182983265,4.72186383455955,6.8727244275488,4.22823787368742,5.67920433617235,12.6875221663215,"HC"
"HD.36",7.39687948734373,5.82184604820304,6.84174564810671,7.30164299617925,6.07320670710154,6.57475322030438,5.82184604820304,3.96849568819367,5.51725335040961,-0.781046420578135,6.92078794256549,4.83661267683415,-0.781046420578135,7.08994281270567,7.13484106838276,5.03914054154553,6.43813018907445,5.51725335040961,1.45162074732955,2.28935008165704,7.24132950497488,3.7550142724821,2.28935008165704,9.07958315992921,4.31909815712499,5.13065316986169,3.50436352449901,7.32119988756411,3.96849568819367,10.1016047683172,6.36463912095158,5.29791294419287,3.20081386112658,9.42963306018202,5.44778030518038,2.28935008165704,4.60093700653058,1.45162074732955,6.40185255996596,3.50436352449901,3.7550142724821,12.7277468846347,"HC"
"HD.37.2",7.1171092851486,5.73782548742534,6.78029100872343,7.46373606292198,4.68463896935265,5.86770132561371,4.81917155435019,5.30527611254245,6.52863616910184,4.28044286638227,6.56738778155776,5.55708588282709,3.41086815927587,6.69536517995082,6.64190153195193,5.4366679365319,5.83631194423639,6.17425198752796,3.22945600095538,3.57199557519525,7.06389822455791,4.75347285427751,2.77939783443081,9.15134532050083,4.9422219720601,6.22361087556922,4.9422219720601,7.36820276301616,5.55708588282709,9.94525082385037,6.0968952061581,5.66822257163724,3.96927530542126,8.87064265620008,5.39418650608417,5.1607078838035,5.05559699883051,5.00002290426566,6.6777631898035,4.45592342541791,6.01515440304819,12.4390180316944,"HC"
"HD.38.2",6.46689702227446,3.41717384235452,6.00484466365472,6.45032864097582,2.93589623582157,4.79978013675242,5.58659755902996,5.67481624418843,7.31433626244258,4.94876583337321,6.46689702227446,4.69115820620571,3.5475147899034,4.69115820620571,7.40310390386097,7.52678538538331,4.63361802825463,5.73076752371589,4.99519434635495,4.3054562006892,6.43356777022006,4.3054562006892,6.04953021155296,8.58267640321609,6.29197217849313,6.41660988474309,5.75794993335301,8.28391361905356,5.45989777508649,8.80094930858048,3.27387699067502,5.67481624418843,3.5475147899034,7.34154469901168,5.55595042208752,6.82918829541114,4.57368725246606,5.35699102676621,6.13495185484505,5.55595042208752,7.55029837642568,11.1759256699805,"HC"
"HD.39.1",7.71265533272989,4.67252934518997,6.31385239281096,6.50438109549197,4.43569590923396,4.6116967722614,5.02332308222235,4.9596583821923,4.38812345633656,3.97032677152148,4.50423666018112,5.39225236542219,1.76120862577301,7.52745965083526,7.23316227286554,6.18754478311486,5.89596484552649,5.79013378649181,3.72436472252542,3.11346484161741,6.62727971564757,3.97032677152148,3.8349474913749,8.82113265428991,4.18039976431155,3.93765419691355,4.18039976431155,8.03571364504334,6.22187045372222,9.06280232606042,6.0337327008056,5.6458960951156,2.85811003966272,7.73659474877748,5.48561943470096,3.79902019590883,2.99142975705884,2.99142975705884,5.79925567425989,1.90334850123979,5.1990181663031,11.6563728774127,"HC"
"HD.4",3.99916888222734,3.44022203390746,4.59746166862612,6.71921166761532,3.1375023641521,3.99916888222734,6.13822788242822,2.75392128486924,7.28260296825665,3.80077290272518,6.02899066280911,2.95842267921446,2.2298858852273,5.78205505847606,7.38368204139066,6.80123107021812,6.4062805379025,6.2592516205595,3.80077290272518,2.2298858852273,7.45298637012039,4.08899309473482,6.49110303219778,8.01931533168066,5.83493939158575,6.11703212667862,4.32910991975122,6.77440605400583,4.53490684580332,9.39978882505609,5.15009861380131,4.82364022896213,2.75392128486924,6.02899066280911,5.19124308683368,5.19124308683368,5.19124308683368,5.78205505847606,6.61722896080949,5.308072288744,7.46980447092858,11.3354634398019,"HC"
"HD.40.1",8.04541102114238,5.5560995930081,6.85380239084954,7.71357157112606,5.05104491538485,5.56935487279187,5.32556132826795,4.42136386434932,5.26167245698145,4.61276556492324,7.1688456120528,4.23430546649515,4.45031134162711,7.47383285086805,7.5120899471905,6.25889315342107,6.35387280218771,6.61902488304153,-0.781046420578135,1.21352757763998,6.3229025300136,5.08835483753128,2.30003076716161,8.78584432194107,4.01932845779802,4.91229364283163,5.19482267766761,7.73137039358823,6.91218897502757,10.1816440661469,5.76638042199506,5.10665409730178,2.91271223812772,9.14245913934196,5.12472415201253,4.13081749752436,3.81192645157694,4.68761087546687,6.61902488304153,3.21216788254843,5.22863473276212,12.696254712775,"HC"
"HD.44.2",6.96973233857898,5.11705087669486,6.59322877502031,7.2172481563914,3.62194323048793,5.6638981692304,5.6638981692304,5.86204859119768,7.42845277277192,4.82306257166229,6.65559445997088,4.76766495161448,3.95517914484626,6.80064436837022,7.68918461185882,7.3457519603885,6.12708405927057,6.4421915292013,4.82306257166229,4.22570315608076,5.83535386816154,3.34751167404741,4.92785765447725,8.45698876272454,6.49431407773821,6.21254417950344,6.01260750563189,8.15089317193947,6.17044682106544,9.30343655467801,5.36115354762556,5.56986956618596,3.18786015063472,8.33842397003161,5.60189821361445,6.59322877502031,4.82306257166229,5.53711368918017,6.59322877502031,5.24425880888647,6.31270793684849,12.2624366027907,"HC"
"HD.45.1",7.78889224652146,5.40916175931366,6.72127923858043,7.82047518671179,4.8896939267687,5.18486783197089,5.87546337459102,7.64416665626453,7.65296491533157,4.12164961791541,7.32438933491938,4.41850274140075,4.71585971047608,6.53869906276591,7.76271205262213,7.13013133688097,5.69979672035831,7.05909633570779,3.96089339059828,3.0935457732825,5.64792742630021,5.66542521782286,5.1480003945495,8.66072621113297,5.55710609889443,6.16715225951485,6.31860110411224,7.7151964773978,6.3514031838962,8.96886900353232,4.71585971047608,4.39771494716034,2.08848347716072,8.73511376349333,4.64706688872867,5.62127626962738,5.24429419538301,5.53823501660785,6.95266534893629,6.07195409920152,7.64416665626453,12.4454129217466,"HC"
"HD.46.1",7.81597174337881,5.19115808475752,5.7390134682685,7.29110334028792,4.22343291071144,5.32920633640441,4.29707507687625,6.83058384203574,5.2386571136234,4.5886053318834,6.82748046637576,3.9542635536294,4.26072382454599,6.14014471380472,7.66420862499439,7.37426879448893,5.15199974822933,6.94382265467146,4.24219885164512,1.19782479602341,5.96481879630038,4.87976554405058,5.58582034065012,8.64901320714999,4.61764038105499,5.607693091124,5.60043895794528,7.75357551481764,6.63500378869174,9.52213151801758,3.93131924912594,4.6601258629723,2.00213590071426,8.34050986866889,4.93847731575143,5.25722732839532,4.61764038105499,3.15337229356182,6.16494417147921,5.35529879613653,4.46624313130228,12.3285073796548,"HC"
"HD.47.1",6.92630345164612,5.177241244824,6.09220750800049,8.04455784985859,3.24522417087377,5.10446137725044,5.93318988132605,4.67257826146101,5.70607506485506,3.24522417087377,7.17758231622744,4.33360552617485,3.49342568830611,6.74665129806215,7.48048618214308,6.0148885039193,6.64767396567861,6.23542493555278,3.49342568830611,2.94526332801259,7.0670148871286,3.88970501382287,3.24522417087377,9.51956601482999,3.49342568830611,3.24522417087377,4.45566222717763,6.23542493555278,5.02781400368189,9.56434952891608,5.70607506485506,5.31263382690199,4.33360552617485,8.94736503362363,5.24652522658631,3.70512903644667,4.33360552617485,3.49342568830611,7.19521359094125,3.49342568830611,4.56819320418,11.9196007293624,"HC"
"HD.48.1",6.59290111907298,4.01804194929562,4.99189600050795,5.81674121254282,4.2041948284742,4.01804194929562,5.34859095385742,5.63434635888365,5.81674121254282,4.88700893249831,5.81674121254282,5.08967164705398,3.80426059554517,6.6258702986893,7.41078237402994,7.35288216730356,4.65115053185652,6.86556995762938,4.01804194929562,2.33474881397981,7.02236624704432,3.80426059554517,5.42550859134823,8.12670376773757,5.26734033584138,5.18123926450308,5.26734033584138,7.57172329157011,5.56803681571181,8.8670708310361,4.51698448199984,5.75846801796249,3.55319598447985,6.91975106191467,6.29790601608979,5.87275173981564,4.36905006607083,3.80426059554517,5.75846801796249,4.77389427572283,7.14115252670371,11.3369019849014,"HC"
"HD.49.1",7.2228347449862,5.41307373203421,6.90504830517295,7.23376328348891,4.31408033762056,5.48801175997443,4.39419573486266,5.0670267857518,6.32358423139594,4.54220054947924,6.38369491861824,3.82906008608074,3.43358064954884,6.97184404115064,7.54583237301968,6.36393500411603,5.75401073410787,6.32358423139594,4.13912479701118,3.09304272303438,6.4031878435904,4.73912659607125,4.73912659607125,9.07103859318182,4.73912659607125,4.85690369960531,4.96578732053568,7.63920903685424,4.54220054947924,9.87815975500345,4.96578732053568,5.41307373203421,4.39419573486266,8.62470077762356,5.16162535905061,4.04298862784844,4.39419573486266,5.20669586555509,6.66779505682358,3.09304272303438,4.85690369960531,12.341920560572,"HC"
"HD.5",5.09672687991982,3.74880279975448,5.05440145548274,5.90548337283268,3.38890649218694,3.74880279975448,4.34826530514802,3.74880279975448,5.95233719543181,6.16618147734415,5.80694781425083,3.5191053569941,2.18245346771386,6.4371828777906,5.17782533268735,6.38690279260871,5.01079667028718,6.56327885862247,4.544512727159,2.70440732109121,6.92219445815318,1.8277875305089,5.13784588136805,6.70682300175356,4.77049852007356,4.544512727159,4.71723334627398,6.86211764658943,2.46690753518469,9.26665235603945,5.83221978541895,4.87146903995665,3.63852064310935,6.40385827236625,4.4166904852713,6.33480689693628,3.5191053569941,5.36262102448882,5.97520557203326,5.55705056481196,7.18014327211609,11.4701400359845,"HC"
"HD.50.1",6.97700720734558,5.12780807835804,5.88835577253736,7.04487108480177,3.66867182762162,4.85283647819935,5.28574293295319,5.98365636311,6.54868908026394,3.66867182762162,5.73244900069475,4.06710917512999,3.88160184926834,5.78631180430823,7.34323869911857,6.5171794996509,5.93679283767986,6.85628539812946,4.85283647819935,3.88160184926834,6.23676029132115,2.21005215904286,5.35866699714916,8.57292618572516,5.49430918789236,6.07304984405301,4.95043391315769,8.66206123615222,5.42808164059137,9.13656448048663,4.37898471500633,5.42808164059137,5.12780807835804,8.20879598043545,5.67649698486472,5.88835577253736,4.74815447248154,3.1163473692935,6.72453168111877,4.23145807355874,5.67649698486472,11.6557319007841,"HC"
"HD.51.1",6.37593271463058,4.4331979917462,6.31862977092364,7.14226174888743,4.81104789904212,5.41363470542997,4.96836092772073,4.96836092772073,7.05723260303606,4.63445787684205,5.11019445424972,5.41363470542997,4.06629825774368,5.29979793244856,7.90631997023521,6.63258654095572,5.29979793244856,7.0217662851456,3.75684512905622,3.57304515675355,7.07464407574251,4.19923855148528,4.06629825774368,8.55977551104011,4.96836092772073,5.75340499344308,4.3209556852501,8.53483201652444,5.56913697019414,9.4088439416486,5.04101997301497,5.35783882318696,3.11556366839906,7.97283295540308,5.75340499344308,4.96836092772073,2.44177279354806,5.29979793244856,6.28910154894621,4.63445787684205,6.89028215571252,11.2908193398582,"HC"
"HD.53.1",6.91270900580987,5.69176135176375,6.27129934638014,7.6515933266954,4.02741306733994,5.00143793399688,5.1684477277693,3.07800106600661,5.98827285899954,4.3390071614597,6.47630023758953,2.69572954440247,2.69572954440247,6.41115041761266,7.38939375724233,5.94289572973873,5.57763707996921,6.03226615522883,4.70791355706139,3.62943609144243,7.2473095349519,4.70791355706139,4.47273443811589,9.07982669922298,4.3390071614597,5.1684477277693,4.59511087949715,7.32010009017085,4.91007483087067,9.68681200842183,5.31811440635688,4.70791355706139,3.07800106600661,8.60649875165473,5.08735816382465,5.57763707996921,4.3390071614597,4.59511087949715,6.7899486208696,3.62943609144243,5.57763707996921,12.0666176638427,"HC"
"HD.54.1",6.70654413954734,4.55250861870562,6.80067053047829,7.89618409078926,3.47817981560801,5.99895280037266,5.16142007910561,4.93108876233312,5.87461485979618,4.18469062653152,5.83066783931309,3.68976918035843,2.55161755757361,6.46920351870264,7.4057620149155,6.63168659199433,6.41070461512525,6.28607057119546,2.93040341210534,3.23013506204623,6.99237393121085,2.55161755757361,4.03780818511849,9.13022191056283,4.44000981394868,5.01202121561683,3.87425854538929,7.37549370407809,4.55250861870562,9.48589627429036,5.64012864892403,5.7853399414577,2.55161755757361,8.59280314889864,5.16142007910561,5.83066783931309,3.87425854538929,3.23013506204623,6.84552667956159,1.22790568766503,6.68202067672884,12.6229253566774,"HC"
"HD.7",4.99071850500224,4.80184076833409,6.02762131625712,7.33684147978858,3.91395431985375,4.1586993003289,5.36702569136831,1.75223726567793,6.86437650577314,5.08849271358945,6.82945017286141,4.0657222129731,2.86203703540035,6.30690804273261,6.86437650577314,8.03643136780129,6.44252295735089,5.30735573983385,4.61758949559704,4.28781217753715,6.8365034098577,3.48181781188711,6.0997445941034,7.55350658772405,5.81555416115889,5.24511095759568,3.33016724593954,7.24970318579807,1.49130594861416,9.56932959688312,5.82976184924876,4.44374522068798,3.24791241463184,7.39054405273875,4.64997888256355,6.93179054032923,5.49734809363575,6.80088725485231,5.78671201467099,4.24604538117486,6.05206522705941,12.1665494157764,"HC"
"HD.8",5.09416215133394,4.84943275261111,6.37834366857754,7.72178310329525,3.8518821809181,5.00119067434295,5.16015869658238,3.68256888731081,6.67021459391517,5.6326756430046,7.35930867444597,4.09622967904647,3.34698164799454,6.14837079120412,6.9630229604714,7.1640468968634,6.47658978317573,5.16015869658238,4.55453392262211,4.34350460904544,6.37834366857754,3.68256888731081,5.64809052953929,8.27967116759818,6.15917011065572,5.95121536099944,6.05893640568223,7.53541615597668,3.00779573011826,10.0251123765628,4.82251195915279,4.58688856524565,3.49070990995319,7.08696502625405,4.34350460904544,6.79316876644815,4.61853349287934,6.61637412168277,5.61709427125965,4.90181261596194,7.21668818317009,12.4012968280036,"HC"
"HD.9",3.51004274596205,3.98044802789762,4.04091864393924,6.44407566907172,3.67175627875212,5.00003680080473,6.16722988120784,2.73617546429736,4.47271739475235,5.15854009037591,5.98685887518653,-0.781046420578137,4.71466214409965,5.43127020455508,6.16722988120784,6.17399603998537,4.45059738998343,5.05970853544211,3.00258836260193,0.951060946404983,7.57068064672339,2.10371756974848,5.05970853544211,7.14769285185909,3.70950302831112,5.07424864885462,4.90562972060199,6.70456775226289,1.38347953940218,9.92561369579309,6.5776438477767,4.45059738998343,3.67175627875212,6.56225345309366,3.85132679759804,3.98044802789762,4.42813294406577,4.40531316018123,5.55045925862879,3.88470657547199,3.91733147490738,11.9248407437066,"HC"
"Type.Unknown.3",7.98963859646822,5.54832027125597,6.69592898272897,8.39202425343109,3.76730963294851,5.17518091647604,5.78374727815539,3.88769325392463,5.39425000737972,3.33081609646193,6.27809157939277,0.821241710778401,1.56164760221125,7.3375276926107,7.05853167426073,6.11500983764923,6.62841513311068,6.59343522094098,2.70195982535975,1.56164760221125,6.66256695288208,3.49143993424008,3.49143993424008,8.90125766143621,3.99880070664688,2.94332761939506,5.58439755392401,6.77610726416523,4.60179015315714,9.64037969069182,5.31057047953047,4.2884803551113,3.76730963294851,8.75855708566947,4.97230046946702,4.3734137430987,2.70195982535975,4.97230046946702,6.62841513311068,3.33081609646193,4.91678634944624,12.6717821878057,"HC"
"VU280.GBM",5.77483107621597,5.81097354838194,3.45932662909983,7.13106633535644,5.2511154759048,6.87350809832531,5.35268781269698,6.94843210266225,3.92277837985088,5.79301548972898,7.26737506464453,3.26457128840147,0.978863269410208,5.57914495524,6.40283246292374,-0.781046420578135,6.69161130892794,0.352112395917073,-0.781046420578135,-0.781046420578135,6.61190501851406,-0.781046420578135,4.86075302218232,8.80456647968916,6.76714357248314,5.27718681084126,-0.781046420578135,8.12806846794895,5.22456431440056,10.23210089574,0.352112395917073,-0.781046420578135,0.978863269410208,7.25430933130223,-0.781046420578135,5.96326581446654,-0.781046420578135,4.42064775656395,5.88065057009731,-0.781046420578135,7.63810478281825,12.6111379768507,"GBM"
"VU284.GBM.vIII",7.43443492968728,6.49778707811049,7.0689694132664,9.05130838652915,6.0963993649859,4.93128644223247,5.89828461386356,6.60813005977692,2.95699789903216,-0.0276650181602738,7.26136883857306,3.0292985660858,4.27335689700701,7.59788910428277,8.29574527811203,3.78146439237924,6.54787301779656,7.18033156005385,2.31371862132518,2.19300421886572,7.19612224831221,4.93128644223247,1.5735286018952,8.67392217610027,2.06125932510007,0.831172899082229,2.80052514198467,4.27335689700701,5.22093618185005,10.4725328298298,7.10287104554075,2.31371862132518,0.464740375176125,9.77761811805496,5.20541622009483,2.88088183457666,1.75504995622753,2.71542728472394,6.97141041173768,-0.781046420578135,1.91626348395212,13.3278922224344,"GBM"
"VU306.GBM.vIII",6.55373529997926,6.0578575724483,4.8412982138913,7.5839186252397,5.16500777888173,4.72188955628336,6.83363747180114,6.53023174114051,3.43683392670953,3.66978132110309,6.71877352579845,-0.781046420578135,-0.781046420578135,7.7735164156517,7.56957855328171,5.55101302834481,5.44188020889821,7.00541033633755,-0.781046420578135,-0.781046420578135,7.29411604483399,-0.0566911597758637,-0.781046420578135,8.35636423868231,-0.781046420578135,-0.781046420578135,-0.781046420578135,6.12999398292584,-0.781046420578135,9.30921256787579,6.58828791993118,3.87029225902896,-0.781046420578135,8.09116746559654,4.72188955628336,3.27656768693167,4.34462246320266,1.3100815046477,6.77984191413908,-0.781046420578135,2.64956426810558,12.29449384448,"GBM"
"VU360.GBM.WT",6.9440027156346,5.90395203241465,6.5465698053775,8.33430326239796,4.48051069754657,5.58552502063643,6.66370170300123,7.38033686584003,3.38744608168173,2.70299909259471,6.84825758049007,-0.781046420578135,4.0351138435859,6.84825758049007,9.16434458331991,-0.781046420578135,6.04018032556366,6.20385967497218,-0.781046420578135,-0.781046420578135,7.27380923328156,4.91790567384256,3.63704657719938,9.22754669643245,-0.781046420578135,-0.781046420578135,2.18110544697179,5.64371917244301,-0.781046420578135,10.3055631605666,6.41908094222461,2.70299909259471,-0.781046420578135,8.87350592601277,6.04018032556366,2.70299909259471,-0.781046420578135,4.60290411436526,5.25308381504974,-0.781046420578135,3.08543717712048,12.7819674973508,"GBM"
"VU372.GBM.vIII",8.68389216939656,7.64517707581052,6.93959892391556,8.81277019322626,6.66575807011371,6.1170708509855,6.22056337139273,7.91232916061012,4.40805625201842,3.00689278872916,7.71379088347703,-0.781046420578137,3.36912869354016,7.22602020308846,8.88105369027003,3.72251133302847,7.82013877316844,7.62015967193411,-0.781046420578137,0.790003101679339,6.64109806836031,6.04370674977747,2.00839561715575,9.5345563282501,1.52416992660624,-0.781046420578137,4.44651541810029,4.36854370171426,5.70605965894018,10.532314917746,6.71384845522834,2.65937950288457,-0.781046420578137,10.0021762778064,4.62478820129204,3.00689278872916,2.20066513472867,-0.781046420578137,7.1924695429789,-0.781046420578137,2.00839561715575,13.7013632351303,"GBM"
"VU378.GBM",8.24642348081864,5.9264060333463,5.81804254398071,8.76812022867447,4.28984599670334,5.5481210648577,6.29820307886836,6.98985831946204,3.60097136840039,1.3261175808124,7.80860892875579,0.750289834776878,5.55657690035761,7.95331641157991,7.88109402879092,4.75416133054545,5.78243899694793,7.3644387808583,2.39444166398218,0.968774441403031,7.55795175529172,6.40507657338955,4.26941545463292,9.75066953989162,0.750289834776878,0.750289834776878,3.86881697364157,4.9846898001133,6.64600125048496,10.2035393733063,6.83163815168363,2.72965469519977,-0.222647890036563,9.12438318907149,5.37725843743187,2.39444166398218,2.53799896460993,2.89880973492511,7.53031371766799,3.05019656299287,3.09732331269826,13.4559768216946,"GBM"
"VU383Platelet.hiseq",5.8570841798904,2.60753791844684,6.6338536551658,4.8148250230373,-0.781046420578137,6.22405148107724,-0.264441403982258,6.09249483970389,-0.781046420578137,-0.781046420578137,6.04400943915563,-0.781046420578137,-0.781046420578137,3.10440236665179,6.20457651952156,-0.781046420578137,-0.264441403982258,3.59794376052515,-0.781046420578137,-0.264441403982258,6.56679534801635,-0.781046420578137,-0.781046420578137,8.39276322591806,-0.781046420578137,-0.781046420578137,-0.781046420578137,6.0549256672092,4.99566557796587,9.71297642038019,2.77533639181959,4.9140845852342,-0.781046420578137,7.93009685307915,3.86930162194544,-0.264441403982258,-0.781046420578137,0.115163104875842,6.26223003814051,-0.781046420578137,-0.781046420578137,11.7061797682402,"GBM"
"VU393.GBM.vIII",7.50352447314774,6.48048922290835,7.88730009479324,8.2014779648336,6.25966300253697,5.71222641913534,5.08716278121937,7.57500159680123,-0.781046420578137,-0.781046420578137,7.25417384424416,-0.781046420578137,4.24911089293727,6.81167560041837,7.14096778007783,4.33397424157735,6.62220842369142,6.04988798569808,-0.781046420578137,-0.781046420578137,7.41863841509292,5.35422457888462,2.90584417795444,9.57387810359243,3.11214379257282,0.794143386585581,4.98589763497624,2.90584417795444,4.49005020578529,10.3760782878178,4.06275943671302,4.1589419290066,1.52914647292649,9.55853025857011,5.71222641913534,4.06275943671302,3.72847310897692,4.56218153602669,6.51724537762562,-0.781046420578137,3.45297369343709,13.3991041765989,"GBM"
"VU394Platelet.hiseq",-0.132445156483013,1.68914697354833,-0.781046420578135,6.56572931971633,-0.781046420578135,3.03205692033664,4.84100669072282,-0.781046420578135,4.6068201479198,-0.781046420578135,-0.781046420578135,-0.781046420578135,-0.781046420578135,6.1686271349136,6.0223262943736,4.03898360345153,3.47933478162374,6.8356550777102,-0.781046420578135,-0.781046420578135,7.05221707075934,4.44119573249652,-0.781046420578135,8.03821357374736,-0.781046420578135,-0.781046420578135,-0.781046420578135,5.4869532612936,-0.781046420578135,8.4501831368077,2.18460322445065,2.631736299565,1.15939770981195,1.8298492468927,5.24451788556164,-0.132445156483013,-0.781046420578135,-0.781046420578135,4.03898360345153,-0.781046420578135,2.70665297266693,10.9045449564496,"GBM"
"VU398.GBM",3.72230284106321,5.35596573439536,4.82468548468516,7.48974467569147,4.6901415781509,6.15450816419764,4.6901415781509,6.83454698388224,-0.781046420578135,-0.781046420578135,7.22359034528209,-0.781046420578135,5.9340787316952,5.52361117939813,8.70365620674761,6.34567924573248,6.98581427148037,4.18943968555277,1.63471269348661,-0.781046420578135,6.43253470929018,1.63471269348661,3.72230284106321,9.00229291185778,-0.781046420578135,-0.781046420578135,4.82468548468516,6.10247719492293,4.37632126285847,10.1530400704383,7.09635483806787,1.63471269348661,-0.781046420578135,6.51445676344824,3.97469628913859,1.63471269348661,-0.781046420578135,3.02713317463366,5.9924230530504,-0.781046420578135,4.37632126285847,12.567878097006,"GBM"
"VU402.2.GBM",7.80117805416438,6.24329002096967,6.14962376693115,9.16852941845622,4.58812132212416,5.48549225610362,6.4141426277962,8.67273314222574,2.11224781748861,0.336001765708262,7.26351782861137,2.3230683164758,3.75572254936436,6.91882321944355,8.92778656636334,2.50697313017247,7.14716491856114,6.63265726315551,-0.117006349638644,-0.781046420578135,6.97060811358863,5.63122639552844,3.47595835493773,9.84871765495772,-0.781046420578135,-0.781046420578135,1.19075209416245,3.28778498993349,5.00971956351342,10.397625920267,6.78282395044765,3.60255167600734,1.86525973399181,9.61900737873659,5.12670657073538,2.50697313017247,2.8846047371059,0.957961099731756,6.8180444335615,2.41794910610367,2.22150553585034,13.7675882679851,"GBM"
"VU406.2.GBM",7.95494466788353,6.30496374127934,5.33230293768772,9.13298727927936,3.95158532622712,5.55806202668876,6.96191868254377,6.56811514614649,3.89254215139204,1.46121793392538,7.25052690769086,-0.781046420578137,4.30851368278872,7.33887533686998,7.65088600823888,3.86208898232388,6.64167324817982,7.4247313102146,1.09287667974796,-0.16463617319458,7.68390731381111,5.06454195915805,4.08941494701933,9.28563781263091,-0.781046420578137,-0.781046420578137,1.75438513308077,4.03585264122933,5.79412798540041,9.88868243321427,6.84220994467223,3.43547384517666,2.10582950869781,9.16062027369412,5.15524546583745,0.866140676262506,2.10582950869781,1.88128634235683,6.93656794419095,0.597003201243579,2.20622458329058,13.0400764159748,"GBM"
"VU408.GBM",8.32648753042028,4.93020912507171,4.85233250955777,7.53836631917394,4.22802591603741,3.95748653800245,5.62001865438176,5.43649748024921,5.43649748024921,1.12703851186165,6.71042088182605,2.56619672374197,1.44262560954099,6.80302912943061,7.15081983293555,5.85113604912256,6.19402723727214,6.4621572078051,0.722507797874377,1.92077129079639,6.95979240451005,3.95748653800245,4.38376690570962,8.72457106117955,2.27928035407079,3.68539432528643,3.27214595267207,6.1728247328065,5.40046861740713,9.41708026187639,5.76874429643009,5.57223748538015,4.26856547784161,8.55875871098014,5.48890791683872,2.80540884675647,3.34977199076741,2.91161787632784,6.12946138048613,2.27928035407079,3.74407316996405,12.1496706180356,"GBM"
"VU417.GBM.vIII",8.24284979550577,5.2143176915993,6.88845934946395,7.4833859559595,4.69008341940821,5.69811246928241,5.49042925807675,-0.781046420578135,3.51826356432663,0.0242919864911964,5.19731214025235,-0.781046420578135,4.82905009794905,6.04083403455102,7.34740300059778,3.67389001077471,6.19442092766176,7.05818556925372,-0.781046420578135,-0.781046420578135,7.3435438501482,4.76123934677838,3.72224596450456,9.04159188245849,2.16904885031808,-0.781046420578135,-0.781046420578135,4.42382484013514,7.4973474825703,9.79591842258135,5.73393165236233,5.29646265339708,-0.781046420578135,7.75438469673532,5.19731214025235,-0.781046420578135,-0.781046420578135,1.2154228263506,6.8399767137153,-0.781046420578135,0.0242919864911964,12.8036321828138,"GBM"
"VU418.GBM",6.17653507563287,4.53850267479941,6.79665023412204,7.56524917367496,3.8144009202011,6.20845941374189,6.5025918179797,-0.781046420578137,4.63562787574282,0.165311835247182,7.60576801644357,-0.781046420578137,-0.781046420578137,6.99882084604789,3.11668131575934,0.165311835247182,6.76121511141556,6.24995517183256,0.165311835247182,2.44284257365292,7.40458083210581,3.8144009202011,-0.781046420578137,9.36589990160125,-0.781046420578137,-0.781046420578137,-0.781046420578137,5.91796723389222,2.44284257365292,9.54847202372318,6.7248876771672,2.70399710699184,-0.781046420578137,7.48497990345667,4.28267561590363,2.70399710699184,-0.781046420578137,1.93309214076,7.25974541138203,-0.781046420578137,-0.781046420578137,12.5737711958119,"GBM"
"VU419.GBM",5.52498224837125,4.54310151767837,7.43008146482711,7.17172365479351,5.00829533679549,4.10558441950132,6.40693620467504,4.47279731618863,1.16686859184123,-0.781046420578135,7.59636885972908,1.96662689068691,5.31999951425873,7.42543584243871,9.04851239844067,4.87835114088022,7.02590207572286,3.73702296454246,-0.781046420578135,-0.781046420578135,6.63329619268563,1.16686859184123,-0.781046420578135,8.36108953051035,2.73999677461358,-0.781046420578135,-0.781046420578135,7.06823955607268,5.83627594650279,10.3196626059624,6.06853530302411,1.48525657316213,1.96662689068691,8.47337274270157,4.85089635698453,3.32297741654093,-0.781046420578135,5.48981410489184,6.58412251057969,-0.781046420578135,4.10558441950132,13.6942289883937,"GBM"
"VU421.GBM",7.80931055382813,4.87180702079112,5.00932718499149,6.81304870316474,3.31505830389437,4.58546265424339,5.45683053555885,3.39755038062326,4.92839758937148,2.68673332233174,5.91454554384889,-0.781046420578137,0.223551024508375,6.46647799989519,6.558993903035,4.0857992694952,6.27245865629425,6.9005143481629,-0.781046420578137,-0.781046420578137,7.35222237708888,3.68714946319222,2.54914655600363,9.04670590870856,1.54823057050249,2.0341808891697,-0.781046420578137,4.68735748861817,5.67097217191873,9.5911665471819,5.63741713707193,4.98285189207988,3.03483498653342,8.18811742158454,5.62034234194458,1.54823057050249,2.92786947796244,2.22698951925748,5.82795236287414,0.810042756966329,2.3970417151066,11.8629434767281,"GBM"
"VU422.GBM",8.26521008720327,5.97265140654729,5.38926796033156,8.09275863622426,3.79846534720941,5.46379658911646,5.27800349679309,6.91373250923103,3.65315114992166,1.23851294805205,6.5667411645498,2.19583930851313,2.19583930851313,6.12739874539451,6.4247054848182,4.19833846829188,5.38926796033156,7.65746841644118,0.556550325829093,1.23851294805205,7.55890992284845,5.38926796033156,0.556550325829093,9.5598204356686,0.556550325829093,-0.781046420578137,2.19583930851313,5.27800349679309,5.21034587698517,9.87454227276721,5.41954296908619,4.26654838575123,-0.781046420578137,8.85134638035112,5.96240564118794,2.45163708957921,2.32940008297533,1.23851294805205,6.22490955642945,1.48746259287998,2.04864054368693,12.3857612321747,"GBM"
"VU425.GBM",7.55355083001586,5.85130358149442,6.35179584023005,8.61095017928798,4.84653883526682,5.26396067470687,6.46962856317124,7.53864703992613,5.26396067470687,2.02051861893905,7.43300052730884,2.5820855633522,3.35553773219964,6.50686034156209,8.93614976570449,6.04092146670996,7.24012839977976,7.02172683848829,2.91315707550913,1.32923581893013,7.75266561361724,5.93563707889666,4.34167297088488,9.619823282863,2.15167906982228,1.87623048699963,3.18225505709157,5.64412068962722,5.88939498190138,10.4795711322676,6.08261906044437,2.98528145567582,2.27190267054091,9.55093806600866,5.12719209459538,4.80728316635217,3.3000576498861,3.05397116309439,6.58437687675807,3.7360528565258,3.11953850997303,12.9784842743918,"GBM"
"VU429.1.GBM.vIII",8.01551967622138,6.8029986371107,6.39046523556241,8.46796306886657,6.60587952468098,7.05178021859633,5.03805408373443,6.78347282417217,4.82538056906708,2.11591882247701,7.87036991951497,1.05868410802858,-0.781046420578135,7.4915464222945,7.17678368030186,3.81677581305148,7.20641259669721,7.11563540422284,2.54491712227356,1.84161768314425,7.31239775700423,4.70600052972321,1.05868410802858,9.8929517947465,2.34630537893091,3.65427901197298,2.71946586284857,5.82966377758189,4.82538056906708,10.364720807132,6.42867599872611,4.09540903880249,2.11591882247701,9.7059534645177,5.28020069683351,3.47112862046867,2.54491712227356,4.3288411093923,6.84127490776258,2.71946586284857,3.65427901197298,13.3479501605266,"GBM"
"VU430.GBM",8.14718684075543,5.8604049258942,7.35971429599979,8.75656968457946,5.6658841635218,6.47516544635434,6.16723225930202,6.48949861275348,3.1003703207006,1.88397073936318,8.14265938761845,1.88397073936318,4.10743988501406,7.27122954194726,8.63692719814745,2.26340543143516,7.20979478274073,6.877888103599,1.23786209194735,-0.781046420578135,7.18579006667818,6.15828862833781,2.19508508666729,9.90576163492213,-0.314710271557985,0.319789285103414,2.94263034265847,4.88023351074854,5.6970962557675,10.836033525307,6.42757408047134,3.17321134707166,1.23786209194735,9.91740405980813,4.88023351074854,1.48677795839782,2.61674396082355,2.50830344237979,7.36943441801234,1.09519517812709,2.04789811276116,13.9111931121127,"GBM"
"VU431.1.GBM.vIII",7.98825487920021,6.57783045800101,7.21567071937491,8.12083679124854,5.45365124826922,5.254888184974,5.27253861598917,5.39039145301152,5.99016129744265,3.38576612694367,7.56270924837297,4.34503511645035,2.84041619913321,7.03615533882774,6.87218417470395,6.36397607540957,6.42837909958749,6.04253799261757,3.56833575115045,3.3193873606469,6.7702642328861,4.96039305495456,4.00833480061854,9.4058968829941,4.74970761351957,4.93844653629266,4.09023942773127,6.94002486610703,5.93581121058401,10.001734807147,5.27253861598917,5.1441951307932,3.09968831148469,9.31619803337514,5.75927745975684,5.64196095135565,4.72427969298858,5.1441951307932,6.40456360384349,3.0183337270477,5.979453847533,12.6808722400605,"GBM"
"VU436.1.GBM.vIII",7.56679285262301,6.36945641390502,7.44562011010904,7.9364326257414,6.22963498987671,5.9013134000106,5.7559762636286,8.08584180305534,6.15429076207109,2.65756583164313,7.24233760168236,2.13764513307969,4.55415098794821,7.58124813991473,8.62861098734545,5.7559762636286,6.79854409645039,6.98404274086269,3.5894527037173,2.13764513307969,7.20548741090676,4.55415098794821,-0.781046420578135,9.42607532651503,3.3403006171914,5.04610192153416,4.66687657033334,5.7559762636286,5.41228379666792,10.2890235475595,6.03333995638494,3.98694731838489,3.5894527037173,9.43406137436166,4.43186528639025,4.29824636820375,1.31683403046073,3.98694731838489,7.12883708726129,3.3403006171914,4.55415098794821,13.0614160716776,"GBM"
"VU439.1.GBM.vIII",8.08593899147535,7.09473749683068,7.30150949343538,7.39243232589164,3.50893220101906,5.55552984441582,5.86722424719458,8.19365745641672,6.35996486494396,4.24377511604256,7.4647908008185,4.92065164022327,4.72829126663935,8.22524611495248,7.97882026799757,6.71179107174736,6.85329139237443,6.97596797544091,3.75962227110029,2.29359290513034,6.70433825077153,5.02005443251032,-0.781046420578137,8.33549078061447,3.70091427716329,6.13452953553951,4.97120898313311,6.72658219711615,6.31173469446326,9.84353534524672,5.52200748590136,4.92065164022327,3.81603436737283,8.75710017610376,4.99583841851856,4.72829126663935,2.58085908409494,4.11479078963487,6.82607986833908,5.04387067539852,4.11479078963487,12.8110999312392,"GBM"
"VU443.1.GBM.WT",6.77742052172335,6.68127483220672,6.3998758248306,8.23197361342154,5.58702085127108,6.29239747709459,6.29239747709459,7.21036424477739,5.20768400989037,3.77784393127891,7.78685040497383,2.73206556645071,3.66745842720188,7.75346494001219,8.06784020398697,6.29239747709459,6.51591596633738,6.8037535752943,3.66745842720188,0.671109887193092,7.22017346437017,5.91151824644176,2.73206556645071,9.41909826325955,2.49408509857988,3.11516112257349,4.69157703567835,6.11449079787715,6.608451866904,9.77902762024081,6.73699718663778,3.97611050364454,0.671109887193092,9.61025852965501,5.58702085127108,4.80019966617645,3.66745842720188,4.30587207217647,7.17044649176616,3.41757898391279,5.4930539956281,13.3584026263372,"GBM"
"VU445.1.GBM.WT",8.2190021231137,6.23350908551248,7.55359392452019,8.01533863017632,6.05280699952771,6.82283346213357,4.89178768661277,5.71330833852274,3.03116923220644,2.13038136604652,6.61504187307672,4.09025701026477,-0.781046420578135,7.75295305463596,6.9012943527445,5.11891748942954,6.37220352025967,6.59629553950451,3.42029974846417,-0.781046420578135,7.27582996452557,4.69438961977392,3.03116923220644,9.43363648812279,2.49666546548785,2.13038136604652,3.85818315800026,6.43685133859877,5.8140964825389,10.0919782675416,5.64197894370699,3.85818315800026,2.7885305815173,9.23890041467369,5.9678512099311,3.03116923220644,3.03116923220644,3.23881467705185,6.41562232308436,4.09025701026477,4.09025701026477,12.4209683807816,"GBM"
"VU454.1.GBM.WT",7.96182509941493,6.31846121562821,7.22355001783786,8.01005366586012,5.42487723824869,5.90470933530678,6.75239363576599,9.34563583620413,5.76505609063195,4.38191122888307,7.5009901906946,2.61101719272574,4.43202789443608,7.12416151384189,9.02892364908353,6.11873713222336,6.77198384365678,6.95021968900092,3.4462237514033,2.3230423328148,7.4623240180815,5.42487723824869,3.93750195200953,9.74184310729508,4.59487756292527,3.71267434189848,4.90984038522408,6.48202233343049,6.17131950631978,10.0387723708746,6.31846121562821,4.07001538868265,2.52126425504613,9.17770928184737,6.141507502314,4.68029528307699,3.67154482600184,4.00527957749483,7.30984496939872,3.75266373285077,4.7996283499657,12.5795247326807,"GBM"
"VU456.1.GBM.WT",7.73509021455514,7.17157943262223,8.09021821099105,8.18313505506846,5.89046033211076,6.13335971495334,6.80132247885787,8.33664825620866,5.33864512254429,4.22582610142057,7.92785651593559,4.38450930965851,2.07306100913686,7.47186183003133,8.72325061817633,5.64077637181521,6.88336638080608,7.0971213998333,3.51846792184741,0.386383475005993,6.7536422887463,4.57212106573572,3.84399775697087,9.3174232561853,3.51846792184741,2.07306100913686,4.33352987825455,6.42880870958376,5.43852116838361,10.7668897244647,5.90798972501068,4.28068282890855,4.28068282890855,9.74193933297598,5.50913736652914,3.69039500009259,3.76923966131193,4.85117437354645,6.89220090314348,3.84399775697087,4.88697287749919,13.2169449664636,"GBM"
"VU468.1.GBM.WT",7.52852296487304,5.69590739548252,6.59811391404462,7.62248569148368,4.62388086937754,5.48695834487456,5.97060422183153,3.86399466675405,5.08641528807935,2.38997574159775,7.33392553877987,2.92053264012783,1.8829580283732,7.10892586992,7.36823629836938,4.94808500324957,6.50249614017274,6.18596224147147,2.76440259157172,1.54186915650911,7.37500160680381,3.93895922319072,3.86399466675405,9.25315070508752,4.37665772160074,2.58930223912637,1.09432043635345,6.56299568802528,6.09054200153297,9.84802488062254,6.47756760574292,4.98393077343788,3.78492031545241,9.08385656940004,5.82008794997278,3.61244649963931,2.92053264012783,3.61244649963931,6.43934806704073,0.442051414149689,5.1190204261321,12.4153035372719,"GBM"
